[
  {
    "hash": "0511224",
    "decodedHash": [
      {
        "0": 5
      },
      {
        "1": 1
      },
      {
        "2": 24
      }
    ],
    "edition": 1,
    "date": 1634586147269,
    "attributes": [
      {
        "id": 5,
        "layer": "1BACKGROUND",
        "name": "7",
        "rarity": "original"
      },
      {
        "id": 1,
        "layer": "2BLACK",
        "name": "BLACK-PEOPLE",
        "rarity": "original"
      },
      {
        "id": 24,
        "layer": "3MASK",
        "name": "MASK-5",
        "rarity": "original"
      }
    ]
  },
  {
    "hash": "0111228",
    "decodedHash": [
      {
        "0": 1
      },
      {
        "1": 1
      },
      {
        "2": 28
      }
    ],
    "edition": 2,
    "date": 1634586147981,
    "attributes": [
      {
        "id": 1,
        "layer": "1BACKGROUND",
        "name": "1",
        "rarity": "original"
      },
      {
        "id": 1,
        "layer": "2BLACK",
        "name": "BLACK-PEOPLE",
        "rarity": "original"
      },
      {
        "id": 28,
        "layer": "3MASK",
        "name": "MASK-9",
        "rarity": "original"
      }
    ]
  },
  {
    "hash": "011125",
    "decodedHash": [
      {
        "0": 1
      },
      {
        "1": 1
      },
      {
        "2": 5
      }
    ],
    "edition": 3,
    "date": 1634586148660,
    "attributes": [
      {
        "id": 1,
        "layer": "1BACKGROUND",
        "name": "1",
        "rarity": "original"
      },
      {
        "id": 1,
        "layer": "2BLACK",
        "name": "BLACK-PEOPLE",
        "rarity": "original"
      },
      {
        "id": 5,
        "layer": "3MASK",
        "name": "MASK-13",
        "rarity": "original"
      }
    ]
  },
  {
    "hash": "051123",
    "decodedHash": [
      {
        "0": 5
      },
      {
        "1": 1
      },
      {
        "2": 3
      }
    ],
    "edition": 4,
    "date": 1634586149274,
    "attributes": [
      {
        "id": 5,
        "layer": "1BACKGROUND",
        "name": "7",
        "rarity": "original"
      },
      {
        "id": 1,
        "layer": "2BLACK",
        "name": "BLACK-PEOPLE",
        "rarity": "original"
      },
      {
        "id": 3,
        "layer": "3MASK",
        "name": "MASK-11",
        "rarity": "original"
      }
    ]
  },
  {
    "hash": "0511220",
    "decodedHash": [
      {
        "0": 5
      },
      {
        "1": 1
      },
      {
        "2": 20
      }
    ],
    "edition": 5,
    "date": 1634586150002,
    "attributes": [
      {
        "id": 5,
        "layer": "1BACKGROUND",
        "name": "7",
        "rarity": "original"
      },
      {
        "id": 1,
        "layer": "2BLACK",
        "name": "BLACK-PEOPLE",
        "rarity": "original"
      },
      {
        "id": 20,
        "layer": "3MASK",
        "name": "MASK-27",
        "rarity": "original"
      }
    ]
  },
  {
    "hash": "0211228",
    "decodedHash": [
      {
        "0": 2
      },
      {
        "1": 1
      },
      {
        "2": 28
      }
    ],
    "edition": 6,
    "date": 1634586151636,
    "attributes": [
      {
        "id": 2,
        "layer": "1BACKGROUND",
        "name": "2",
        "rarity": "original"
      },
      {
        "id": 1,
        "layer": "2BLACK",
        "name": "BLACK-PEOPLE",
        "rarity": "original"
      },
      {
        "id": 28,
        "layer": "3MASK",
        "name": "MASK-9",
        "rarity": "original"
      }
    ]
  },
  {
    "hash": "0211219",
    "decodedHash": [
      {
        "0": 2
      },
      {
        "1": 1
      },
      {
        "2": 19
      }
    ],
    "edition": 7,
    "date": 1634586153312,
    "attributes": [
      {
        "id": 2,
        "layer": "1BACKGROUND",
        "name": "2",
        "rarity": "original"
      },
      {
        "id": 1,
        "layer": "2BLACK",
        "name": "BLACK-PEOPLE",
        "rarity": "original"
      },
      {
        "id": 19,
        "layer": "3MASK",
        "name": "MASK-26",
        "rarity": "original"
      }
    ]
  },
  {
    "hash": "0311226",
    "decodedHash": [
      {
        "0": 3
      },
      {
        "1": 1
      },
      {
        "2": 26
      }
    ],
    "edition": 8,
    "date": 1634586154880,
    "attributes": [
      {
        "id": 3,
        "layer": "1BACKGROUND",
        "name": "4",
        "rarity": "original"
      },
      {
        "id": 1,
        "layer": "2BLACK",
        "name": "BLACK-PEOPLE",
        "rarity": "original"
      },
      {
        "id": 26,
        "layer": "3MASK",
        "name": "MASK-7",
        "rarity": "original"
      }
    ]
  },
  {
    "hash": "0311228",
    "decodedHash": [
      {
        "0": 3
      },
      {
        "1": 1
      },
      {
        "2": 28
      }
    ],
    "edition": 9,
    "date": 1634586156522,
    "attributes": [
      {
        "id": 3,
        "layer": "1BACKGROUND",
        "name": "4",
        "rarity": "original"
      },
      {
        "id": 1,
        "layer": "2BLACK",
        "name": "BLACK-PEOPLE",
        "rarity": "original"
      },
      {
        "id": 28,
        "layer": "3MASK",
        "name": "MASK-9",
        "rarity": "original"
      }
    ]
  },
  {
    "hash": "031125",
    "decodedHash": [
      {
        "0": 3
      },
      {
        "1": 1
      },
      {
        "2": 5
      }
    ],
    "edition": 10,
    "date": 1634586157996,
    "attributes": [
      {
        "id": 3,
        "layer": "1BACKGROUND",
        "name": "4",
        "rarity": "original"
      },
      {
        "id": 1,
        "layer": "2BLACK",
        "name": "BLACK-PEOPLE",
        "rarity": "original"
      },
      {
        "id": 5,
        "layer": "3MASK",
        "name": "MASK-13",
        "rarity": "original"
      }
    ]
  },
  {
    "hash": "051121",
    "decodedHash": [
      {
        "0": 5
      },
      {
        "1": 1
      },
      {
        "2": 1
      }
    ],
    "edition": 11,
    "date": 1634586158542,
    "attributes": [
      {
        "id": 5,
        "layer": "1BACKGROUND",
        "name": "7",
        "rarity": "original"
      },
      {
        "id": 1,
        "layer": "2BLACK",
        "name": "BLACK-PEOPLE",
        "rarity": "original"
      },
      {
        "id": 1,
        "layer": "3MASK",
        "name": "MASK-1",
        "rarity": "original"
      }
    ]
  },
  {
    "hash": "011129",
    "decodedHash": [
      {
        "0": 1
      },
      {
        "1": 1
      },
      {
        "2": 9
      }
    ],
    "edition": 12,
    "date": 1634586159252,
    "attributes": [
      {
        "id": 1,
        "layer": "1BACKGROUND",
        "name": "1",
        "rarity": "original"
      },
      {
        "id": 1,
        "layer": "2BLACK",
        "name": "BLACK-PEOPLE",
        "rarity": "original"
      },
      {
        "id": 9,
        "layer": "3MASK",
        "name": "MASK-17",
        "rarity": "original"
      }
    ]
  },
  {
    "hash": "041126",
    "decodedHash": [
      {
        "0": 4
      },
      {
        "1": 1
      },
      {
        "2": 6
      }
    ],
    "edition": 13,
    "date": 1634586160112,
    "attributes": [
      {
        "id": 4,
        "layer": "1BACKGROUND",
        "name": "5",
        "rarity": "original"
      },
      {
        "id": 1,
        "layer": "2BLACK",
        "name": "BLACK-PEOPLE",
        "rarity": "original"
      },
      {
        "id": 6,
        "layer": "3MASK",
        "name": "MASK-14",
        "rarity": "original"
      }
    ]
  },
  {
    "hash": "0411218",
    "decodedHash": [
      {
        "0": 4
      },
      {
        "1": 1
      },
      {
        "2": 18
      }
    ],
    "edition": 14,
    "date": 1634586160895,
    "attributes": [
      {
        "id": 4,
        "layer": "1BACKGROUND",
        "name": "5",
        "rarity": "original"
      },
      {
        "id": 1,
        "layer": "2BLACK",
        "name": "BLACK-PEOPLE",
        "rarity": "original"
      },
      {
        "id": 18,
        "layer": "3MASK",
        "name": "MASK-25",
        "rarity": "original"
      }
    ]
  },
  {
    "hash": "0111210",
    "decodedHash": [
      {
        "0": 1
      },
      {
        "1": 1
      },
      {
        "2": 10
      }
    ],
    "edition": 15,
    "date": 1634586161594,
    "attributes": [
      {
        "id": 1,
        "layer": "1BACKGROUND",
        "name": "1",
        "rarity": "original"
      },
      {
        "id": 1,
        "layer": "2BLACK",
        "name": "BLACK-PEOPLE",
        "rarity": "original"
      },
      {
        "id": 10,
        "layer": "3MASK",
        "name": "MASK-18",
        "rarity": "original"
      }
    ]
  },
  {
    "hash": "0311210",
    "decodedHash": [
      {
        "0": 3
      },
      {
        "1": 1
      },
      {
        "2": 10
      }
    ],
    "edition": 16,
    "date": 1634586163111,
    "attributes": [
      {
        "id": 3,
        "layer": "1BACKGROUND",
        "name": "4",
        "rarity": "original"
      },
      {
        "id": 1,
        "layer": "2BLACK",
        "name": "BLACK-PEOPLE",
        "rarity": "original"
      },
      {
        "id": 10,
        "layer": "3MASK",
        "name": "MASK-18",
        "rarity": "original"
      }
    ]
  },
  {
    "hash": "0411214",
    "decodedHash": [
      {
        "0": 4
      },
      {
        "1": 1
      },
      {
        "2": 14
      }
    ],
    "edition": 17,
    "date": 1634586163915,
    "attributes": [
      {
        "id": 4,
        "layer": "1BACKGROUND",
        "name": "5",
        "rarity": "original"
      },
      {
        "id": 1,
        "layer": "2BLACK",
        "name": "BLACK-PEOPLE",
        "rarity": "original"
      },
      {
        "id": 14,
        "layer": "3MASK",
        "name": "MASK-21",
        "rarity": "original"
      }
    ]
  },
  {
    "hash": "04112180111210",
    "decodedHash": [
      {
        "0": 4
      },
      {
        "1": 1
      },
      {
        "2": 18
      },
      {
        "0": 1
      },
      {
        "1": 1
      },
      {
        "2": 10
      }
    ],
    "edition": 18,
    "date": 1634586165492,
    "attributes": [
      {
        "id": 4,
        "layer": "1BACKGROUND",
        "name": "5",
        "rarity": "original"
      },
      {
        "id": 1,
        "layer": "2BLACK",
        "name": "BLACK-PEOPLE",
        "rarity": "original"
      },
      {
        "id": 18,
        "layer": "3MASK",
        "name": "MASK-25",
        "rarity": "original"
      },
      {
        "id": 1,
        "layer": "1BACKGROUND",
        "name": "1",
        "rarity": "original"
      },
      {
        "id": 1,
        "layer": "2BLACK",
        "name": "BLACK-PEOPLE",
        "rarity": "original"
      },
      {
        "id": 10,
        "layer": "3MASK",
        "name": "MASK-18",
        "rarity": "original"
      }
    ]
  },
  {
    "hash": "051122",
    "decodedHash": [
      {
        "0": 5
      },
      {
        "1": 1
      },
      {
        "2": 2
      }
    ],
    "edition": 19,
    "date": 1634586166059,
    "attributes": [
      {
        "id": 5,
        "layer": "1BACKGROUND",
        "name": "7",
        "rarity": "original"
      },
      {
        "id": 1,
        "layer": "2BLACK",
        "name": "BLACK-PEOPLE",
        "rarity": "original"
      },
      {
        "id": 2,
        "layer": "3MASK",
        "name": "MASK-10",
        "rarity": "original"
      }
    ]
  },
  {
    "hash": "0511218",
    "decodedHash": [
      {
        "0": 5
      },
      {
        "1": 1
      },
      {
        "2": 18
      }
    ],
    "edition": 20,
    "date": 1634586166634,
    "attributes": [
      {
        "id": 5,
        "layer": "1BACKGROUND",
        "name": "7",
        "rarity": "original"
      },
      {
        "id": 1,
        "layer": "2BLACK",
        "name": "BLACK-PEOPLE",
        "rarity": "original"
      },
      {
        "id": 18,
        "layer": "3MASK",
        "name": "MASK-25",
        "rarity": "original"
      }
    ]
  },
  {
    "hash": "0111211",
    "decodedHash": [
      {
        "0": 1
      },
      {
        "1": 1
      },
      {
        "2": 11
      }
    ],
    "edition": 21,
    "date": 1634586167253,
    "attributes": [
      {
        "id": 1,
        "layer": "1BACKGROUND",
        "name": "1",
        "rarity": "original"
      },
      {
        "id": 1,
        "layer": "2BLACK",
        "name": "BLACK-PEOPLE",
        "rarity": "original"
      },
      {
        "id": 11,
        "layer": "3MASK",
        "name": "MASK-19",
        "rarity": "original"
      }
    ]
  },
  {
    "hash": "0511228",
    "decodedHash": [
      {
        "0": 5
      },
      {
        "1": 1
      },
      {
        "2": 28
      }
    ],
    "edition": 22,
    "date": 1634586167872,
    "attributes": [
      {
        "id": 5,
        "layer": "1BACKGROUND",
        "name": "7",
        "rarity": "original"
      },
      {
        "id": 1,
        "layer": "2BLACK",
        "name": "BLACK-PEOPLE",
        "rarity": "original"
      },
      {
        "id": 28,
        "layer": "3MASK",
        "name": "MASK-9",
        "rarity": "original"
      }
    ]
  },
  {
    "hash": "0211213",
    "decodedHash": [
      {
        "0": 2
      },
      {
        "1": 1
      },
      {
        "2": 13
      }
    ],
    "edition": 23,
    "date": 1634586169439,
    "attributes": [
      {
        "id": 2,
        "layer": "1BACKGROUND",
        "name": "2",
        "rarity": "original"
      },
      {
        "id": 1,
        "layer": "2BLACK",
        "name": "BLACK-PEOPLE",
        "rarity": "original"
      },
      {
        "id": 13,
        "layer": "3MASK",
        "name": "MASK-20",
        "rarity": "original"
      }
    ]
  },
  {
    "hash": "01112280411219",
    "decodedHash": [
      {
        "0": 1
      },
      {
        "1": 1
      },
      {
        "2": 28
      },
      {
        "0": 4
      },
      {
        "1": 1
      },
      {
        "2": 19
      }
    ],
    "edition": 24,
    "date": 1634586170924,
    "attributes": [
      {
        "id": 1,
        "layer": "1BACKGROUND",
        "name": "1",
        "rarity": "original"
      },
      {
        "id": 1,
        "layer": "2BLACK",
        "name": "BLACK-PEOPLE",
        "rarity": "original"
      },
      {
        "id": 28,
        "layer": "3MASK",
        "name": "MASK-9",
        "rarity": "original"
      },
      {
        "id": 4,
        "layer": "1BACKGROUND",
        "name": "5",
        "rarity": "original"
      },
      {
        "id": 1,
        "layer": "2BLACK",
        "name": "BLACK-PEOPLE",
        "rarity": "original"
      },
      {
        "id": 19,
        "layer": "3MASK",
        "name": "MASK-26",
        "rarity": "original"
      }
    ]
  },
  {
    "hash": "011127",
    "decodedHash": [
      {
        "0": 1
      },
      {
        "1": 1
      },
      {
        "2": 7
      }
    ],
    "edition": 25,
    "date": 1634586171597,
    "attributes": [
      {
        "id": 1,
        "layer": "1BACKGROUND",
        "name": "1",
        "rarity": "original"
      },
      {
        "id": 1,
        "layer": "2BLACK",
        "name": "BLACK-PEOPLE",
        "rarity": "original"
      },
      {
        "id": 7,
        "layer": "3MASK",
        "name": "MASK-15",
        "rarity": "original"
      }
    ]
  },
  {
    "hash": "03112260411216",
    "decodedHash": [
      {
        "0": 3
      },
      {
        "1": 1
      },
      {
        "2": 26
      },
      {
        "0": 4
      },
      {
        "1": 1
      },
      {
        "2": 16
      }
    ],
    "edition": 26,
    "date": 1634586173926,
    "attributes": [
      {
        "id": 3,
        "layer": "1BACKGROUND",
        "name": "4",
        "rarity": "original"
      },
      {
        "id": 1,
        "layer": "2BLACK",
        "name": "BLACK-PEOPLE",
        "rarity": "original"
      },
      {
        "id": 26,
        "layer": "3MASK",
        "name": "MASK-7",
        "rarity": "original"
      },
      {
        "id": 4,
        "layer": "1BACKGROUND",
        "name": "5",
        "rarity": "original"
      },
      {
        "id": 1,
        "layer": "2BLACK",
        "name": "BLACK-PEOPLE",
        "rarity": "original"
      },
      {
        "id": 16,
        "layer": "3MASK",
        "name": "MASK-23",
        "rarity": "original"
      }
    ]
  },
  {
    "hash": "041122",
    "decodedHash": [
      {
        "0": 4
      },
      {
        "1": 1
      },
      {
        "2": 2
      }
    ],
    "edition": 27,
    "date": 1634586174793,
    "attributes": [
      {
        "id": 4,
        "layer": "1BACKGROUND",
        "name": "5",
        "rarity": "original"
      },
      {
        "id": 1,
        "layer": "2BLACK",
        "name": "BLACK-PEOPLE",
        "rarity": "original"
      },
      {
        "id": 2,
        "layer": "3MASK",
        "name": "MASK-10",
        "rarity": "original"
      }
    ]
  },
  {
    "hash": "021123",
    "decodedHash": [
      {
        "0": 2
      },
      {
        "1": 1
      },
      {
        "2": 3
      }
    ],
    "edition": 28,
    "date": 1634586176339,
    "attributes": [
      {
        "id": 2,
        "layer": "1BACKGROUND",
        "name": "2",
        "rarity": "original"
      },
      {
        "id": 1,
        "layer": "2BLACK",
        "name": "BLACK-PEOPLE",
        "rarity": "original"
      },
      {
        "id": 3,
        "layer": "3MASK",
        "name": "MASK-11",
        "rarity": "original"
      }
    ]
  },
  {
    "hash": "0111226",
    "decodedHash": [
      {
        "0": 1
      },
      {
        "1": 1
      },
      {
        "2": 26
      }
    ],
    "edition": 29,
    "date": 1634586177000,
    "attributes": [
      {
        "id": 1,
        "layer": "1BACKGROUND",
        "name": "1",
        "rarity": "original"
      },
      {
        "id": 1,
        "layer": "2BLACK",
        "name": "BLACK-PEOPLE",
        "rarity": "original"
      },
      {
        "id": 26,
        "layer": "3MASK",
        "name": "MASK-7",
        "rarity": "original"
      }
    ]
  },
  {
    "hash": "021126",
    "decodedHash": [
      {
        "0": 2
      },
      {
        "1": 1
      },
      {
        "2": 6
      }
    ],
    "edition": 30,
    "date": 1634586178674,
    "attributes": [
      {
        "id": 2,
        "layer": "1BACKGROUND",
        "name": "2",
        "rarity": "original"
      },
      {
        "id": 1,
        "layer": "2BLACK",
        "name": "BLACK-PEOPLE",
        "rarity": "original"
      },
      {
        "id": 6,
        "layer": "3MASK",
        "name": "MASK-14",
        "rarity": "original"
      }
    ]
  }
]